threads,image,transform,input_path,output_path,status,task_time_seconds
6,img_01_convertico-coffee-bean-24-bit-bmp,inversion_horizontal_grises,/tmp/img_analyzer_qt5_crtdet8i/input/img_01_convertico-coffee-bean-24-bit-bmp.bmp,/home/parallels/Documents/act/image_analyzer/output/6_threads/img_01_convertico-coffee-bean-24-bit-bmp__flip_h_gray.bmp,ok,0.012493
6,img_01_convertico-coffee-bean-24-bit-bmp,inversion_vertical_grises,/tmp/img_analyzer_qt5_crtdet8i/input/img_01_convertico-coffee-bean-24-bit-bmp.bmp,/home/parallels/Documents/act/image_analyzer/output/6_threads/img_01_convertico-coffee-bean-24-bit-bmp__flip_v_gray.bmp,ok,0.007878
6,img_01_convertico-coffee-bean-24-bit-bmp,desenfoque_grises,/tmp/img_analyzer_qt5_crtdet8i/input/img_01_convertico-coffee-bean-24-bit-bmp.bmp,/home/parallels/Documents/act/image_analyzer/output/6_threads/img_01_convertico-coffee-bean-24-bit-bmp__blur_gray.bmp,ok,0.015527
6,img_01_convertico-coffee-bean-24-bit-bmp,inversion_horizontal_color,/tmp/img_analyzer_qt5_crtdet8i/input/img_01_convertico-coffee-bean-24-bit-bmp.bmp,/home/parallels/Documents/act/image_analyzer/output/6_threads/img_01_convertico-coffee-bean-24-bit-bmp__flip_h_color.bmp,ok,0.027013
6,img_01_convertico-coffee-bean-24-bit-bmp,inversion_vertical_color,/tmp/img_analyzer_qt5_crtdet8i/input/img_01_convertico-coffee-bean-24-bit-bmp.bmp,/home/parallels/Documents/act/image_analyzer/output/6_threads/img_01_convertico-coffee-bean-24-bit-bmp__flip_v_color.bmp,ok,0.004824
6,img_01_convertico-coffee-bean-24-bit-bmp,desenfoque_color,/tmp/img_analyzer_qt5_crtdet8i/input/img_01_convertico-coffee-bean-24-bit-bmp.bmp,/home/parallels/Documents/act/image_analyzer/output/6_threads/img_01_convertico-coffee-bean-24-bit-bmp__blur_color.bmp,ok,0.008718
6,img_02_sample_1280×853,inversion_horizontal_grises,/tmp/img_analyzer_qt5_crtdet8i/input/img_02_sample_1280×853.bmp,/home/parallels/Documents/act/image_analyzer/output/6_threads/img_02_sample_1280×853__flip_h_gray.bmp,ok,0.003118
6,img_02_sample_1280×853,inversion_vertical_grises,/tmp/img_analyzer_qt5_crtdet8i/input/img_02_sample_1280×853.bmp,/home/parallels/Documents/act/image_analyzer/output/6_threads/img_02_sample_1280×853__flip_v_gray.bmp,ok,0.003280
6,img_02_sample_1280×853,desenfoque_grises,/tmp/img_analyzer_qt5_crtdet8i/input/img_02_sample_1280×853.bmp,/home/parallels/Documents/act/image_analyzer/output/6_threads/img_02_sample_1280×853__blur_gray.bmp,ok,0.010483
6,img_02_sample_1280×853,inversion_horizontal_color,/tmp/img_analyzer_qt5_crtdet8i/input/img_02_sample_1280×853.bmp,/home/parallels/Documents/act/image_analyzer/output/6_threads/img_02_sample_1280×853__flip_h_color.bmp,ok,0.003143
6,img_02_sample_1280×853,inversion_vertical_color,/tmp/img_analyzer_qt5_crtdet8i/input/img_02_sample_1280×853.bmp,/home/parallels/Documents/act/image_analyzer/output/6_threads/img_02_sample_1280×853__flip_v_color.bmp,ok,0.001805
6,img_02_sample_1280×853,desenfoque_color,/tmp/img_analyzer_qt5_crtdet8i/input/img_02_sample_1280×853.bmp,/home/parallels/Documents/act/image_analyzer/output/6_threads/img_02_sample_1280×853__blur_color.bmp,ok,0.005510
6,img_03_1-bmp-sample-2_(1),inversion_horizontal_grises,/tmp/img_analyzer_qt5_crtdet8i/input/img_03_1-bmp-sample-2_(1).bmp,/home/parallels/Documents/act/image_analyzer/output/6_threads/img_03_1-bmp-sample-2_(1)__flip_h_gray.bmp,ok,0.092451
6,img_03_1-bmp-sample-2_(1),inversion_vertical_grises,/tmp/img_analyzer_qt5_crtdet8i/input/img_03_1-bmp-sample-2_(1).bmp,/home/parallels/Documents/act/image_analyzer/output/6_threads/img_03_1-bmp-sample-2_(1)__flip_v_gray.bmp,ok,0.040720
6,img_03_1-bmp-sample-2_(1),desenfoque_grises,/tmp/img_analyzer_qt5_crtdet8i/input/img_03_1-bmp-sample-2_(1).bmp,/home/parallels/Documents/act/image_analyzer/output/6_threads/img_03_1-bmp-sample-2_(1)__blur_gray.bmp,ok,0.029712
6,img_03_1-bmp-sample-2_(1),inversion_horizontal_color,/tmp/img_analyzer_qt5_crtdet8i/input/img_03_1-bmp-sample-2_(1).bmp,/home/parallels/Documents/act/image_analyzer/output/6_threads/img_03_1-bmp-sample-2_(1)__flip_h_color.bmp,ok,0.034613
6,img_03_1-bmp-sample-2_(1),inversion_vertical_color,/tmp/img_analyzer_qt5_crtdet8i/input/img_03_1-bmp-sample-2_(1).bmp,/home/parallels/Documents/act/image_analyzer/output/6_threads/img_03_1-bmp-sample-2_(1)__flip_v_color.bmp,ok,0.024953
6,img_03_1-bmp-sample-2_(1),desenfoque_color,/tmp/img_analyzer_qt5_crtdet8i/input/img_03_1-bmp-sample-2_(1).bmp,/home/parallels/Documents/act/image_analyzer/output/6_threads/img_03_1-bmp-sample-2_(1)__blur_color.bmp,ok,0.054984
6,img_01_1-bmp-sample-2_(1),inversion_horizontal_grises,/tmp/img_analyzer_qt5_ct92j4rz/input/img_01_1-bmp-sample-2_(1).bmp,/home/parallels/Documents/act/image_analyzer/output/6_threads/img_01_1-bmp-sample-2_(1)__flip_h_gray.bmp,ok,0.019479
6,img_01_1-bmp-sample-2_(1),inversion_vertical_grises,/tmp/img_analyzer_qt5_ct92j4rz/input/img_01_1-bmp-sample-2_(1).bmp,/home/parallels/Documents/act/image_analyzer/output/6_threads/img_01_1-bmp-sample-2_(1)__flip_v_gray.bmp,ok,0.012058
6,img_01_1-bmp-sample-2_(1),desenfoque_grises,/tmp/img_analyzer_qt5_ct92j4rz/input/img_01_1-bmp-sample-2_(1).bmp,/home/parallels/Documents/act/image_analyzer/output/6_threads/img_01_1-bmp-sample-2_(1)__blur_gray.bmp,ok,0.021932
6,img_01_1-bmp-sample-2_(1),inversion_horizontal_color,/tmp/img_analyzer_qt5_ct92j4rz/input/img_01_1-bmp-sample-2_(1).bmp,/home/parallels/Documents/act/image_analyzer/output/6_threads/img_01_1-bmp-sample-2_(1)__flip_h_color.bmp,ok,0.007757
6,img_01_1-bmp-sample-2_(1),inversion_vertical_color,/tmp/img_analyzer_qt5_ct92j4rz/input/img_01_1-bmp-sample-2_(1).bmp,/home/parallels/Documents/act/image_analyzer/output/6_threads/img_01_1-bmp-sample-2_(1)__flip_v_color.bmp,ok,0.006249
6,img_01_1-bmp-sample-2_(1),desenfoque_color,/tmp/img_analyzer_qt5_ct92j4rz/input/img_01_1-bmp-sample-2_(1).bmp,/home/parallels/Documents/act/image_analyzer/output/6_threads/img_01_1-bmp-sample-2_(1)__blur_color.bmp,ok,0.027381
6,img_02_sample_1280×853,inversion_horizontal_grises,/tmp/img_analyzer_qt5_ct92j4rz/input/img_02_sample_1280×853.bmp,/home/parallels/Documents/act/image_analyzer/output/6_threads/img_02_sample_1280×853__flip_h_gray.bmp,ok,0.008316
6,img_02_sample_1280×853,inversion_vertical_grises,/tmp/img_analyzer_qt5_ct92j4rz/input/img_02_sample_1280×853.bmp,/home/parallels/Documents/act/image_analyzer/output/6_threads/img_02_sample_1280×853__flip_v_gray.bmp,ok,0.012360
6,img_02_sample_1280×853,desenfoque_grises,/tmp/img_analyzer_qt5_ct92j4rz/input/img_02_sample_1280×853.bmp,/home/parallels/Documents/act/image_analyzer/output/6_threads/img_02_sample_1280×853__blur_gray.bmp,ok,0.011937
6,img_02_sample_1280×853,inversion_horizontal_color,/tmp/img_analyzer_qt5_ct92j4rz/input/img_02_sample_1280×853.bmp,/home/parallels/Documents/act/image_analyzer/output/6_threads/img_02_sample_1280×853__flip_h_color.bmp,ok,0.008105
6,img_02_sample_1280×853,inversion_vertical_color,/tmp/img_analyzer_qt5_ct92j4rz/input/img_02_sample_1280×853.bmp,/home/parallels/Documents/act/image_analyzer/output/6_threads/img_02_sample_1280×853__flip_v_color.bmp,ok,0.002512
6,img_02_sample_1280×853,desenfoque_color,/tmp/img_analyzer_qt5_ct92j4rz/input/img_02_sample_1280×853.bmp,/home/parallels/Documents/act/image_analyzer/output/6_threads/img_02_sample_1280×853__blur_color.bmp,ok,0.007098
6,img_03_convertico-coffee-bean-24-bit-bmp,inversion_horizontal_grises,/tmp/img_analyzer_qt5_ct92j4rz/input/img_03_convertico-coffee-bean-24-bit-bmp.bmp,/home/parallels/Documents/act/image_analyzer/output/6_threads/img_03_convertico-coffee-bean-24-bit-bmp__flip_h_gray.bmp,ok,0.002764
6,img_03_convertico-coffee-bean-24-bit-bmp,inversion_vertical_grises,/tmp/img_analyzer_qt5_ct92j4rz/input/img_03_convertico-coffee-bean-24-bit-bmp.bmp,/home/parallels/Documents/act/image_analyzer/output/6_threads/img_03_convertico-coffee-bean-24-bit-bmp__flip_v_gray.bmp,ok,0.001781
6,img_03_convertico-coffee-bean-24-bit-bmp,desenfoque_grises,/tmp/img_analyzer_qt5_ct92j4rz/input/img_03_convertico-coffee-bean-24-bit-bmp.bmp,/home/parallels/Documents/act/image_analyzer/output/6_threads/img_03_convertico-coffee-bean-24-bit-bmp__blur_gray.bmp,ok,0.007044
6,img_03_convertico-coffee-bean-24-bit-bmp,inversion_horizontal_color,/tmp/img_analyzer_qt5_ct92j4rz/input/img_03_convertico-coffee-bean-24-bit-bmp.bmp,/home/parallels/Documents/act/image_analyzer/output/6_threads/img_03_convertico-coffee-bean-24-bit-bmp__flip_h_color.bmp,ok,0.002350
6,img_03_convertico-coffee-bean-24-bit-bmp,inversion_vertical_color,/tmp/img_analyzer_qt5_ct92j4rz/input/img_03_convertico-coffee-bean-24-bit-bmp.bmp,/home/parallels/Documents/act/image_analyzer/output/6_threads/img_03_convertico-coffee-bean-24-bit-bmp__flip_v_color.bmp,ok,0.003490
6,img_03_convertico-coffee-bean-24-bit-bmp,desenfoque_color,/tmp/img_analyzer_qt5_ct92j4rz/input/img_03_convertico-coffee-bean-24-bit-bmp.bmp,/home/parallels/Documents/act/image_analyzer/output/6_threads/img_03_convertico-coffee-bean-24-bit-bmp__blur_color.bmp,ok,0.012836
6,img_01_1-bmp-sample-2_(1),inversion_horizontal_grises,/tmp/img_analyzer_qt5_oedv08an/input/img_01_1-bmp-sample-2_(1).bmp,/home/parallels/Documents/act/image_analyzer/output/6_threads/img_01_1-bmp-sample-2_(1)__flip_h_gray.bmp,ok,0.009940
6,img_01_1-bmp-sample-2_(1),inversion_vertical_grises,/tmp/img_analyzer_qt5_oedv08an/input/img_01_1-bmp-sample-2_(1).bmp,/home/parallels/Documents/act/image_analyzer/output/6_threads/img_01_1-bmp-sample-2_(1)__flip_v_gray.bmp,ok,0.011986
6,img_01_1-bmp-sample-2_(1),desenfoque_grises,/tmp/img_analyzer_qt5_oedv08an/input/img_01_1-bmp-sample-2_(1).bmp,/home/parallels/Documents/act/image_analyzer/output/6_threads/img_01_1-bmp-sample-2_(1)__blur_gray.bmp,ok,0.035604
6,img_01_1-bmp-sample-2_(1),inversion_horizontal_color,/tmp/img_analyzer_qt5_oedv08an/input/img_01_1-bmp-sample-2_(1).bmp,/home/parallels/Documents/act/image_analyzer/output/6_threads/img_01_1-bmp-sample-2_(1)__flip_h_color.bmp,ok,0.009084
6,img_01_1-bmp-sample-2_(1),inversion_vertical_color,/tmp/img_analyzer_qt5_oedv08an/input/img_01_1-bmp-sample-2_(1).bmp,/home/parallels/Documents/act/image_analyzer/output/6_threads/img_01_1-bmp-sample-2_(1)__flip_v_color.bmp,ok,0.037224
6,img_01_1-bmp-sample-2_(1),desenfoque_color,/tmp/img_analyzer_qt5_oedv08an/input/img_01_1-bmp-sample-2_(1).bmp,/home/parallels/Documents/act/image_analyzer/output/6_threads/img_01_1-bmp-sample-2_(1)__blur_color.bmp,ok,0.026320
6,img_02_sample_1280×853,inversion_horizontal_grises,/tmp/img_analyzer_qt5_oedv08an/input/img_02_sample_1280×853.bmp,/home/parallels/Documents/act/image_analyzer/output/6_threads/img_02_sample_1280×853__flip_h_gray.bmp,ok,0.005589
6,img_02_sample_1280×853,inversion_vertical_grises,/tmp/img_analyzer_qt5_oedv08an/input/img_02_sample_1280×853.bmp,/home/parallels/Documents/act/image_analyzer/output/6_threads/img_02_sample_1280×853__flip_v_gray.bmp,ok,0.002369
6,img_02_sample_1280×853,desenfoque_grises,/tmp/img_analyzer_qt5_oedv08an/input/img_02_sample_1280×853.bmp,/home/parallels/Documents/act/image_analyzer/output/6_threads/img_02_sample_1280×853__blur_gray.bmp,ok,0.014246
6,img_02_sample_1280×853,inversion_horizontal_color,/tmp/img_analyzer_qt5_oedv08an/input/img_02_sample_1280×853.bmp,/home/parallels/Documents/act/image_analyzer/output/6_threads/img_02_sample_1280×853__flip_h_color.bmp,ok,0.002700
6,img_02_sample_1280×853,inversion_vertical_color,/tmp/img_analyzer_qt5_oedv08an/input/img_02_sample_1280×853.bmp,/home/parallels/Documents/act/image_analyzer/output/6_threads/img_02_sample_1280×853__flip_v_color.bmp,ok,0.019428
6,img_02_sample_1280×853,desenfoque_color,/tmp/img_analyzer_qt5_oedv08an/input/img_02_sample_1280×853.bmp,/home/parallels/Documents/act/image_analyzer/output/6_threads/img_02_sample_1280×853__blur_color.bmp,ok,0.008163
6,img_03_convertico-coffee-bean-24-bit-bmp,inversion_horizontal_grises,/tmp/img_analyzer_qt5_oedv08an/input/img_03_convertico-coffee-bean-24-bit-bmp.bmp,/home/parallels/Documents/act/image_analyzer/output/6_threads/img_03_convertico-coffee-bean-24-bit-bmp__flip_h_gray.bmp,ok,0.004368
6,img_03_convertico-coffee-bean-24-bit-bmp,inversion_vertical_grises,/tmp/img_analyzer_qt5_oedv08an/input/img_03_convertico-coffee-bean-24-bit-bmp.bmp,/home/parallels/Documents/act/image_analyzer/output/6_threads/img_03_convertico-coffee-bean-24-bit-bmp__flip_v_gray.bmp,ok,0.004279
6,img_03_convertico-coffee-bean-24-bit-bmp,desenfoque_grises,/tmp/img_analyzer_qt5_oedv08an/input/img_03_convertico-coffee-bean-24-bit-bmp.bmp,/home/parallels/Documents/act/image_analyzer/output/6_threads/img_03_convertico-coffee-bean-24-bit-bmp__blur_gray.bmp,ok,0.015861
6,img_03_convertico-coffee-bean-24-bit-bmp,inversion_horizontal_color,/tmp/img_analyzer_qt5_oedv08an/input/img_03_convertico-coffee-bean-24-bit-bmp.bmp,/home/parallels/Documents/act/image_analyzer/output/6_threads/img_03_convertico-coffee-bean-24-bit-bmp__flip_h_color.bmp,ok,0.006011
6,img_03_convertico-coffee-bean-24-bit-bmp,inversion_vertical_color,/tmp/img_analyzer_qt5_oedv08an/input/img_03_convertico-coffee-bean-24-bit-bmp.bmp,/home/parallels/Documents/act/image_analyzer/output/6_threads/img_03_convertico-coffee-bean-24-bit-bmp__flip_v_color.bmp,ok,0.003570
6,img_03_convertico-coffee-bean-24-bit-bmp,desenfoque_color,/tmp/img_analyzer_qt5_oedv08an/input/img_03_convertico-coffee-bean-24-bit-bmp.bmp,/home/parallels/Documents/act/image_analyzer/output/6_threads/img_03_convertico-coffee-bean-24-bit-bmp__blur_color.bmp,ok,0.015472
6,img_01_1-bmp-sample-2_(1),inversion_vertical_grises,/tmp/img_analyzer_qt5_bkmdfz9y/input/img_01_1-bmp-sample-2_(1).bmp,/home/parallels/Documents/act/image_analyzer/output/6_threads/img_01_1-bmp-sample-2_(1)__flip_v_gray.bmp,ok,0.037596
6,img_01_1-bmp-sample-2_(1),inversion_vertical_color,/tmp/img_analyzer_qt5_bkmdfz9y/input/img_01_1-bmp-sample-2_(1).bmp,/home/parallels/Documents/act/image_analyzer/output/6_threads/img_01_1-bmp-sample-2_(1)__flip_v_color.bmp,ok,0.018597
6,img_01_1-bmp-sample-2_(1),inversion_horizontal_grises,/tmp/img_analyzer_qt5_bkmdfz9y/input/img_01_1-bmp-sample-2_(1).bmp,/home/parallels/Documents/act/image_analyzer/output/6_threads/img_01_1-bmp-sample-2_(1)__flip_h_gray.bmp,ok,0.011252
6,img_01_1-bmp-sample-2_(1),inversion_horizontal_color,/tmp/img_analyzer_qt5_bkmdfz9y/input/img_01_1-bmp-sample-2_(1).bmp,/home/parallels/Documents/act/image_analyzer/output/6_threads/img_01_1-bmp-sample-2_(1)__flip_h_color.bmp,ok,0.011316
6,img_01_1-bmp-sample-2_(1),desenfoque_grises,/tmp/img_analyzer_qt5_bkmdfz9y/input/img_01_1-bmp-sample-2_(1).bmp,/home/parallels/Documents/act/image_analyzer/output/6_threads/img_01_1-bmp-sample-2_(1)__blur_gray.bmp,ok,0.027169
6,img_01_1-bmp-sample-2_(1),desenfoque_color,/tmp/img_analyzer_qt5_bkmdfz9y/input/img_01_1-bmp-sample-2_(1).bmp,/home/parallels/Documents/act/image_analyzer/output/6_threads/img_01_1-bmp-sample-2_(1)__blur_color.bmp,ok,0.044350
6,img_02_convertico-coffee-bean-24-bit-bmp,inversion_vertical_grises,/tmp/img_analyzer_qt5_bkmdfz9y/input/img_02_convertico-coffee-bean-24-bit-bmp.bmp,/home/parallels/Documents/act/image_analyzer/output/6_threads/img_02_convertico-coffee-bean-24-bit-bmp__flip_v_gray.bmp,ok,0.004172
6,img_02_convertico-coffee-bean-24-bit-bmp,inversion_vertical_color,/tmp/img_analyzer_qt5_bkmdfz9y/input/img_02_convertico-coffee-bean-24-bit-bmp.bmp,/home/parallels/Documents/act/image_analyzer/output/6_threads/img_02_convertico-coffee-bean-24-bit-bmp__flip_v_color.bmp,ok,0.006828
6,img_02_convertico-coffee-bean-24-bit-bmp,inversion_horizontal_grises,/tmp/img_analyzer_qt5_bkmdfz9y/input/img_02_convertico-coffee-bean-24-bit-bmp.bmp,/home/parallels/Documents/act/image_analyzer/output/6_threads/img_02_convertico-coffee-bean-24-bit-bmp__flip_h_gray.bmp,ok,0.005899
6,img_02_convertico-coffee-bean-24-bit-bmp,inversion_horizontal_color,/tmp/img_analyzer_qt5_bkmdfz9y/input/img_02_convertico-coffee-bean-24-bit-bmp.bmp,/home/parallels/Documents/act/image_analyzer/output/6_threads/img_02_convertico-coffee-bean-24-bit-bmp__flip_h_color.bmp,ok,0.004804
6,img_02_convertico-coffee-bean-24-bit-bmp,desenfoque_grises,/tmp/img_analyzer_qt5_bkmdfz9y/input/img_02_convertico-coffee-bean-24-bit-bmp.bmp,/home/parallels/Documents/act/image_analyzer/output/6_threads/img_02_convertico-coffee-bean-24-bit-bmp__blur_gray.bmp,ok,0.017022
6,img_02_convertico-coffee-bean-24-bit-bmp,desenfoque_color,/tmp/img_analyzer_qt5_bkmdfz9y/input/img_02_convertico-coffee-bean-24-bit-bmp.bmp,/home/parallels/Documents/act/image_analyzer/output/6_threads/img_02_convertico-coffee-bean-24-bit-bmp__blur_color.bmp,ok,0.023175
6,img_03_sample_1280×853,inversion_vertical_grises,/tmp/img_analyzer_qt5_bkmdfz9y/input/img_03_sample_1280×853.bmp,/home/parallels/Documents/act/image_analyzer/output/6_threads/img_03_sample_1280×853__flip_v_gray.bmp,ok,0.009042
6,img_03_sample_1280×853,inversion_vertical_color,/tmp/img_analyzer_qt5_bkmdfz9y/input/img_03_sample_1280×853.bmp,/home/parallels/Documents/act/image_analyzer/output/6_threads/img_03_sample_1280×853__flip_v_color.bmp,ok,0.011303
6,img_03_sample_1280×853,inversion_horizontal_grises,/tmp/img_analyzer_qt5_bkmdfz9y/input/img_03_sample_1280×853.bmp,/home/parallels/Documents/act/image_analyzer/output/6_threads/img_03_sample_1280×853__flip_h_gray.bmp,ok,0.007235
6,img_03_sample_1280×853,inversion_horizontal_color,/tmp/img_analyzer_qt5_bkmdfz9y/input/img_03_sample_1280×853.bmp,/home/parallels/Documents/act/image_analyzer/output/6_threads/img_03_sample_1280×853__flip_h_color.bmp,ok,0.006409
6,img_03_sample_1280×853,desenfoque_grises,/tmp/img_analyzer_qt5_bkmdfz9y/input/img_03_sample_1280×853.bmp,/home/parallels/Documents/act/image_analyzer/output/6_threads/img_03_sample_1280×853__blur_gray.bmp,ok,0.008616
6,img_03_sample_1280×853,desenfoque_color,/tmp/img_analyzer_qt5_bkmdfz9y/input/img_03_sample_1280×853.bmp,/home/parallels/Documents/act/image_analyzer/output/6_threads/img_03_sample_1280×853__blur_color.bmp,ok,0.009821
6,img_01_1-bmp-sample-2_(1),inversion_vertical_grises,/tmp/img_analyzer_qt5_sr4a9eaz/input/img_01_1-bmp-sample-2_(1).bmp,/home/parallels/Documents/act/image_analyzer/output/6_threads/img_01_1-bmp-sample-2_(1)__flip_v_gray.bmp,ok,0.016237
6,img_01_1-bmp-sample-2_(1),inversion_vertical_color,/tmp/img_analyzer_qt5_sr4a9eaz/input/img_01_1-bmp-sample-2_(1).bmp,/home/parallels/Documents/act/image_analyzer/output/6_threads/img_01_1-bmp-sample-2_(1)__flip_v_color.bmp,ok,0.010667
6,img_01_1-bmp-sample-2_(1),inversion_horizontal_grises,/tmp/img_analyzer_qt5_sr4a9eaz/input/img_01_1-bmp-sample-2_(1).bmp,/home/parallels/Documents/act/image_analyzer/output/6_threads/img_01_1-bmp-sample-2_(1)__flip_h_gray.bmp,ok,0.010812
6,img_01_1-bmp-sample-2_(1),inversion_horizontal_color,/tmp/img_analyzer_qt5_sr4a9eaz/input/img_01_1-bmp-sample-2_(1).bmp,/home/parallels/Documents/act/image_analyzer/output/6_threads/img_01_1-bmp-sample-2_(1)__flip_h_color.bmp,ok,0.012191
6,img_01_1-bmp-sample-2_(1),desenfoque_grises,/tmp/img_analyzer_qt5_sr4a9eaz/input/img_01_1-bmp-sample-2_(1).bmp,/home/parallels/Documents/act/image_analyzer/output/6_threads/img_01_1-bmp-sample-2_(1)__blur_gray.bmp,ok,0.025976
6,img_01_1-bmp-sample-2_(1),desenfoque_color,/tmp/img_analyzer_qt5_sr4a9eaz/input/img_01_1-bmp-sample-2_(1).bmp,/home/parallels/Documents/act/image_analyzer/output/6_threads/img_01_1-bmp-sample-2_(1)__blur_color.bmp,ok,0.033239
6,img_02_convertico-coffee-bean-24-bit-bmp,inversion_vertical_grises,/tmp/img_analyzer_qt5_sr4a9eaz/input/img_02_convertico-coffee-bean-24-bit-bmp.bmp,/home/parallels/Documents/act/image_analyzer/output/6_threads/img_02_convertico-coffee-bean-24-bit-bmp__flip_v_gray.bmp,ok,0.006005
6,img_02_convertico-coffee-bean-24-bit-bmp,inversion_vertical_color,/tmp/img_analyzer_qt5_sr4a9eaz/input/img_02_convertico-coffee-bean-24-bit-bmp.bmp,/home/parallels/Documents/act/image_analyzer/output/6_threads/img_02_convertico-coffee-bean-24-bit-bmp__flip_v_color.bmp,ok,0.008655
6,img_02_convertico-coffee-bean-24-bit-bmp,inversion_horizontal_grises,/tmp/img_analyzer_qt5_sr4a9eaz/input/img_02_convertico-coffee-bean-24-bit-bmp.bmp,/home/parallels/Documents/act/image_analyzer/output/6_threads/img_02_convertico-coffee-bean-24-bit-bmp__flip_h_gray.bmp,ok,0.008828
6,img_02_convertico-coffee-bean-24-bit-bmp,inversion_horizontal_color,/tmp/img_analyzer_qt5_sr4a9eaz/input/img_02_convertico-coffee-bean-24-bit-bmp.bmp,/home/parallels/Documents/act/image_analyzer/output/6_threads/img_02_convertico-coffee-bean-24-bit-bmp__flip_h_color.bmp,ok,0.020002
6,img_02_convertico-coffee-bean-24-bit-bmp,desenfoque_grises,/tmp/img_analyzer_qt5_sr4a9eaz/input/img_02_convertico-coffee-bean-24-bit-bmp.bmp,/home/parallels/Documents/act/image_analyzer/output/6_threads/img_02_convertico-coffee-bean-24-bit-bmp__blur_gray.bmp,ok,0.021537
6,img_02_convertico-coffee-bean-24-bit-bmp,desenfoque_color,/tmp/img_analyzer_qt5_sr4a9eaz/input/img_02_convertico-coffee-bean-24-bit-bmp.bmp,/home/parallels/Documents/act/image_analyzer/output/6_threads/img_02_convertico-coffee-bean-24-bit-bmp__blur_color.bmp,ok,0.015166
6,img_03_sample_1280×853,inversion_vertical_grises,/tmp/img_analyzer_qt5_sr4a9eaz/input/img_03_sample_1280×853.bmp,/home/parallels/Documents/act/image_analyzer/output/6_threads/img_03_sample_1280×853__flip_v_gray.bmp,ok,0.004827
6,img_03_sample_1280×853,inversion_vertical_color,/tmp/img_analyzer_qt5_sr4a9eaz/input/img_03_sample_1280×853.bmp,/home/parallels/Documents/act/image_analyzer/output/6_threads/img_03_sample_1280×853__flip_v_color.bmp,ok,0.011154
6,img_03_sample_1280×853,inversion_horizontal_grises,/tmp/img_analyzer_qt5_sr4a9eaz/input/img_03_sample_1280×853.bmp,/home/parallels/Documents/act/image_analyzer/output/6_threads/img_03_sample_1280×853__flip_h_gray.bmp,ok,0.004032
6,img_03_sample_1280×853,inversion_horizontal_color,/tmp/img_analyzer_qt5_sr4a9eaz/input/img_03_sample_1280×853.bmp,/home/parallels/Documents/act/image_analyzer/output/6_threads/img_03_sample_1280×853__flip_h_color.bmp,ok,0.007585
6,img_03_sample_1280×853,desenfoque_grises,/tmp/img_analyzer_qt5_sr4a9eaz/input/img_03_sample_1280×853.bmp,/home/parallels/Documents/act/image_analyzer/output/6_threads/img_03_sample_1280×853__blur_gray.bmp,ok,0.008708
6,img_03_sample_1280×853,desenfoque_color,/tmp/img_analyzer_qt5_sr4a9eaz/input/img_03_sample_1280×853.bmp,/home/parallels/Documents/act/image_analyzer/output/6_threads/img_03_sample_1280×853__blur_color.bmp,ok,0.016047
6,img_01_1-bmp-sample-2_(1),inversion_vertical_grises,/tmp/img_analyzer_qt5_bgr526sv/input/img_01_1-bmp-sample-2_(1).bmp,/home/parallels/Documents/act/image_analyzer/output/6_threads/img_01_1-bmp-sample-2_(1)__flip_v_gray.bmp,ok,0.009309
6,img_01_1-bmp-sample-2_(1),inversion_vertical_color,/tmp/img_analyzer_qt5_bgr526sv/input/img_01_1-bmp-sample-2_(1).bmp,/home/parallels/Documents/act/image_analyzer/output/6_threads/img_01_1-bmp-sample-2_(1)__flip_v_color.bmp,ok,0.009493
6,img_01_1-bmp-sample-2_(1),inversion_horizontal_grises,/tmp/img_analyzer_qt5_bgr526sv/input/img_01_1-bmp-sample-2_(1).bmp,/home/parallels/Documents/act/image_analyzer/output/6_threads/img_01_1-bmp-sample-2_(1)__flip_h_gray.bmp,ok,0.009351
6,img_01_1-bmp-sample-2_(1),inversion_horizontal_color,/tmp/img_analyzer_qt5_bgr526sv/input/img_01_1-bmp-sample-2_(1).bmp,/home/parallels/Documents/act/image_analyzer/output/6_threads/img_01_1-bmp-sample-2_(1)__flip_h_color.bmp,ok,0.008897
6,img_01_1-bmp-sample-2_(1),desenfoque_grises,/tmp/img_analyzer_qt5_bgr526sv/input/img_01_1-bmp-sample-2_(1).bmp,/home/parallels/Documents/act/image_analyzer/output/6_threads/img_01_1-bmp-sample-2_(1)__blur_gray.bmp,ok,0.019473
6,img_01_1-bmp-sample-2_(1),desenfoque_color,/tmp/img_analyzer_qt5_bgr526sv/input/img_01_1-bmp-sample-2_(1).bmp,/home/parallels/Documents/act/image_analyzer/output/6_threads/img_01_1-bmp-sample-2_(1)__blur_color.bmp,ok,0.018700
6,img_02_convertico-coffee-bean-24-bit-bmp,inversion_vertical_grises,/tmp/img_analyzer_qt5_bgr526sv/input/img_02_convertico-coffee-bean-24-bit-bmp.bmp,/home/parallels/Documents/act/image_analyzer/output/6_threads/img_02_convertico-coffee-bean-24-bit-bmp__flip_v_gray.bmp,ok,0.005114
6,img_02_convertico-coffee-bean-24-bit-bmp,inversion_vertical_color,/tmp/img_analyzer_qt5_bgr526sv/input/img_02_convertico-coffee-bean-24-bit-bmp.bmp,/home/parallels/Documents/act/image_analyzer/output/6_threads/img_02_convertico-coffee-bean-24-bit-bmp__flip_v_color.bmp,ok,0.005355
6,img_02_convertico-coffee-bean-24-bit-bmp,inversion_horizontal_grises,/tmp/img_analyzer_qt5_bgr526sv/input/img_02_convertico-coffee-bean-24-bit-bmp.bmp,/home/parallels/Documents/act/image_analyzer/output/6_threads/img_02_convertico-coffee-bean-24-bit-bmp__flip_h_gray.bmp,ok,0.004639
6,img_02_convertico-coffee-bean-24-bit-bmp,inversion_horizontal_color,/tmp/img_analyzer_qt5_bgr526sv/input/img_02_convertico-coffee-bean-24-bit-bmp.bmp,/home/parallels/Documents/act/image_analyzer/output/6_threads/img_02_convertico-coffee-bean-24-bit-bmp__flip_h_color.bmp,ok,0.003598
6,img_02_convertico-coffee-bean-24-bit-bmp,desenfoque_grises,/tmp/img_analyzer_qt5_bgr526sv/input/img_02_convertico-coffee-bean-24-bit-bmp.bmp,/home/parallels/Documents/act/image_analyzer/output/6_threads/img_02_convertico-coffee-bean-24-bit-bmp__blur_gray.bmp,ok,0.009710
6,img_02_convertico-coffee-bean-24-bit-bmp,desenfoque_color,/tmp/img_analyzer_qt5_bgr526sv/input/img_02_convertico-coffee-bean-24-bit-bmp.bmp,/home/parallels/Documents/act/image_analyzer/output/6_threads/img_02_convertico-coffee-bean-24-bit-bmp__blur_color.bmp,ok,0.012649
6,img_03_sample_1280×853,inversion_vertical_grises,/tmp/img_analyzer_qt5_bgr526sv/input/img_03_sample_1280×853.bmp,/home/parallels/Documents/act/image_analyzer/output/6_threads/img_03_sample_1280×853__flip_v_gray.bmp,ok,0.015822
6,img_03_sample_1280×853,inversion_vertical_color,/tmp/img_analyzer_qt5_bgr526sv/input/img_03_sample_1280×853.bmp,/home/parallels/Documents/act/image_analyzer/output/6_threads/img_03_sample_1280×853__flip_v_color.bmp,ok,0.005389
6,img_03_sample_1280×853,inversion_horizontal_grises,/tmp/img_analyzer_qt5_bgr526sv/input/img_03_sample_1280×853.bmp,/home/parallels/Documents/act/image_analyzer/output/6_threads/img_03_sample_1280×853__flip_h_gray.bmp,ok,0.004139
6,img_03_sample_1280×853,inversion_horizontal_color,/tmp/img_analyzer_qt5_bgr526sv/input/img_03_sample_1280×853.bmp,/home/parallels/Documents/act/image_analyzer/output/6_threads/img_03_sample_1280×853__flip_h_color.bmp,ok,0.004055
6,img_03_sample_1280×853,desenfoque_grises,/tmp/img_analyzer_qt5_bgr526sv/input/img_03_sample_1280×853.bmp,/home/parallels/Documents/act/image_analyzer/output/6_threads/img_03_sample_1280×853__blur_gray.bmp,ok,0.006659
6,img_03_sample_1280×853,desenfoque_color,/tmp/img_analyzer_qt5_bgr526sv/input/img_03_sample_1280×853.bmp,/home/parallels/Documents/act/image_analyzer/output/6_threads/img_03_sample_1280×853__blur_color.bmp,ok,0.007361
6,img_01_1-bmp-sample-2_(1),inversion_vertical_grises,/tmp/img_analyzer_qt5_g82gciit/input/img_01_1-bmp-sample-2_(1).bmp,/home/parallels/Documents/act/image_analyzer/output/6_threads/img_01_1-bmp-sample-2_(1)__flip_v_gray.bmp,ok,0.017921
6,img_01_1-bmp-sample-2_(1),inversion_vertical_color,/tmp/img_analyzer_qt5_g82gciit/input/img_01_1-bmp-sample-2_(1).bmp,/home/parallels/Documents/act/image_analyzer/output/6_threads/img_01_1-bmp-sample-2_(1)__flip_v_color.bmp,ok,0.024632
6,img_01_1-bmp-sample-2_(1),inversion_horizontal_grises,/tmp/img_analyzer_qt5_g82gciit/input/img_01_1-bmp-sample-2_(1).bmp,/home/parallels/Documents/act/image_analyzer/output/6_threads/img_01_1-bmp-sample-2_(1)__flip_h_gray.bmp,ok,0.013549
6,img_01_1-bmp-sample-2_(1),inversion_horizontal_color,/tmp/img_analyzer_qt5_g82gciit/input/img_01_1-bmp-sample-2_(1).bmp,/home/parallels/Documents/act/image_analyzer/output/6_threads/img_01_1-bmp-sample-2_(1)__flip_h_color.bmp,ok,0.015675
6,img_01_1-bmp-sample-2_(1),desenfoque_grises,/tmp/img_analyzer_qt5_g82gciit/input/img_01_1-bmp-sample-2_(1).bmp,/home/parallels/Documents/act/image_analyzer/output/6_threads/img_01_1-bmp-sample-2_(1)__blur_gray.bmp,ok,0.025191
6,img_01_1-bmp-sample-2_(1),desenfoque_color,/tmp/img_analyzer_qt5_g82gciit/input/img_01_1-bmp-sample-2_(1).bmp,/home/parallels/Documents/act/image_analyzer/output/6_threads/img_01_1-bmp-sample-2_(1)__blur_color.bmp,ok,0.074825
6,img_02_convertico-coffee-bean-24-bit-bmp,inversion_vertical_grises,/tmp/img_analyzer_qt5_g82gciit/input/img_02_convertico-coffee-bean-24-bit-bmp.bmp,/home/parallels/Documents/act/image_analyzer/output/6_threads/img_02_convertico-coffee-bean-24-bit-bmp__flip_v_gray.bmp,ok,0.011463
6,img_02_convertico-coffee-bean-24-bit-bmp,inversion_vertical_color,/tmp/img_analyzer_qt5_g82gciit/input/img_02_convertico-coffee-bean-24-bit-bmp.bmp,/home/parallels/Documents/act/image_analyzer/output/6_threads/img_02_convertico-coffee-bean-24-bit-bmp__flip_v_color.bmp,ok,0.008800
6,img_02_convertico-coffee-bean-24-bit-bmp,inversion_horizontal_grises,/tmp/img_analyzer_qt5_g82gciit/input/img_02_convertico-coffee-bean-24-bit-bmp.bmp,/home/parallels/Documents/act/image_analyzer/output/6_threads/img_02_convertico-coffee-bean-24-bit-bmp__flip_h_gray.bmp,ok,0.008656
6,img_02_convertico-coffee-bean-24-bit-bmp,inversion_horizontal_color,/tmp/img_analyzer_qt5_g82gciit/input/img_02_convertico-coffee-bean-24-bit-bmp.bmp,/home/parallels/Documents/act/image_analyzer/output/6_threads/img_02_convertico-coffee-bean-24-bit-bmp__flip_h_color.bmp,ok,0.012771
6,img_02_convertico-coffee-bean-24-bit-bmp,desenfoque_grises,/tmp/img_analyzer_qt5_g82gciit/input/img_02_convertico-coffee-bean-24-bit-bmp.bmp,/home/parallels/Documents/act/image_analyzer/output/6_threads/img_02_convertico-coffee-bean-24-bit-bmp__blur_gray.bmp,ok,0.016846
6,img_02_convertico-coffee-bean-24-bit-bmp,desenfoque_color,/tmp/img_analyzer_qt5_g82gciit/input/img_02_convertico-coffee-bean-24-bit-bmp.bmp,/home/parallels/Documents/act/image_analyzer/output/6_threads/img_02_convertico-coffee-bean-24-bit-bmp__blur_color.bmp,ok,0.022685
6,img_03_sample_1280×853,inversion_vertical_grises,/tmp/img_analyzer_qt5_g82gciit/input/img_03_sample_1280×853.bmp,/home/parallels/Documents/act/image_analyzer/output/6_threads/img_03_sample_1280×853__flip_v_gray.bmp,ok,0.004079
6,img_03_sample_1280×853,inversion_vertical_color,/tmp/img_analyzer_qt5_g82gciit/input/img_03_sample_1280×853.bmp,/home/parallels/Documents/act/image_analyzer/output/6_threads/img_03_sample_1280×853__flip_v_color.bmp,ok,0.006657
6,img_03_sample_1280×853,inversion_horizontal_grises,/tmp/img_analyzer_qt5_g82gciit/input/img_03_sample_1280×853.bmp,/home/parallels/Documents/act/image_analyzer/output/6_threads/img_03_sample_1280×853__flip_h_gray.bmp,ok,0.004591
6,img_03_sample_1280×853,inversion_horizontal_color,/tmp/img_analyzer_qt5_g82gciit/input/img_03_sample_1280×853.bmp,/home/parallels/Documents/act/image_analyzer/output/6_threads/img_03_sample_1280×853__flip_h_color.bmp,ok,0.004494
6,img_03_sample_1280×853,desenfoque_grises,/tmp/img_analyzer_qt5_g82gciit/input/img_03_sample_1280×853.bmp,/home/parallels/Documents/act/image_analyzer/output/6_threads/img_03_sample_1280×853__blur_gray.bmp,ok,0.010714
6,img_03_sample_1280×853,desenfoque_color,/tmp/img_analyzer_qt5_g82gciit/input/img_03_sample_1280×853.bmp,/home/parallels/Documents/act/image_analyzer/output/6_threads/img_03_sample_1280×853__blur_color.bmp,ok,0.009664
6,img_01_1-bmp-sample-2_(1),inversion_vertical_grises,/tmp/img_analyzer_qt5_oyuwc333/input/img_01_1-bmp-sample-2_(1).bmp,/home/parallels/Documents/act/image_analyzer/output/6_threads/img_01_1-bmp-sample-2_(1)__flip_v_gray.bmp,ok,0.023842
6,img_01_1-bmp-sample-2_(1),inversion_vertical_color,/tmp/img_analyzer_qt5_oyuwc333/input/img_01_1-bmp-sample-2_(1).bmp,/home/parallels/Documents/act/image_analyzer/output/6_threads/img_01_1-bmp-sample-2_(1)__flip_v_color.bmp,ok,0.016487
6,img_01_1-bmp-sample-2_(1),inversion_horizontal_grises,/tmp/img_analyzer_qt5_oyuwc333/input/img_01_1-bmp-sample-2_(1).bmp,/home/parallels/Documents/act/image_analyzer/output/6_threads/img_01_1-bmp-sample-2_(1)__flip_h_gray.bmp,ok,0.017172
6,img_01_1-bmp-sample-2_(1),inversion_horizontal_color,/tmp/img_analyzer_qt5_oyuwc333/input/img_01_1-bmp-sample-2_(1).bmp,/home/parallels/Documents/act/image_analyzer/output/6_threads/img_01_1-bmp-sample-2_(1)__flip_h_color.bmp,ok,0.012810
6,img_01_1-bmp-sample-2_(1),desenfoque_grises,/tmp/img_analyzer_qt5_oyuwc333/input/img_01_1-bmp-sample-2_(1).bmp,/home/parallels/Documents/act/image_analyzer/output/6_threads/img_01_1-bmp-sample-2_(1)__blur_gray.bmp,ok,0.025421
6,img_01_1-bmp-sample-2_(1),desenfoque_color,/tmp/img_analyzer_qt5_oyuwc333/input/img_01_1-bmp-sample-2_(1).bmp,/home/parallels/Documents/act/image_analyzer/output/6_threads/img_01_1-bmp-sample-2_(1)__blur_color.bmp,ok,0.025060
6,img_02_convertico-coffee-bean-24-bit-bmp,inversion_vertical_grises,/tmp/img_analyzer_qt5_oyuwc333/input/img_02_convertico-coffee-bean-24-bit-bmp.bmp,/home/parallels/Documents/act/image_analyzer/output/6_threads/img_02_convertico-coffee-bean-24-bit-bmp__flip_v_gray.bmp,ok,0.006394
6,img_02_convertico-coffee-bean-24-bit-bmp,inversion_vertical_color,/tmp/img_analyzer_qt5_oyuwc333/input/img_02_convertico-coffee-bean-24-bit-bmp.bmp,/home/parallels/Documents/act/image_analyzer/output/6_threads/img_02_convertico-coffee-bean-24-bit-bmp__flip_v_color.bmp,ok,0.003775
6,img_02_convertico-coffee-bean-24-bit-bmp,inversion_horizontal_grises,/tmp/img_analyzer_qt5_oyuwc333/input/img_02_convertico-coffee-bean-24-bit-bmp.bmp,/home/parallels/Documents/act/image_analyzer/output/6_threads/img_02_convertico-coffee-bean-24-bit-bmp__flip_h_gray.bmp,ok,0.003883
6,img_02_convertico-coffee-bean-24-bit-bmp,inversion_horizontal_color,/tmp/img_analyzer_qt5_oyuwc333/input/img_02_convertico-coffee-bean-24-bit-bmp.bmp,/home/parallels/Documents/act/image_analyzer/output/6_threads/img_02_convertico-coffee-bean-24-bit-bmp__flip_h_color.bmp,ok,0.006923
6,img_02_convertico-coffee-bean-24-bit-bmp,desenfoque_grises,/tmp/img_analyzer_qt5_oyuwc333/input/img_02_convertico-coffee-bean-24-bit-bmp.bmp,/home/parallels/Documents/act/image_analyzer/output/6_threads/img_02_convertico-coffee-bean-24-bit-bmp__blur_gray.bmp,ok,0.009894
6,img_02_convertico-coffee-bean-24-bit-bmp,desenfoque_color,/tmp/img_analyzer_qt5_oyuwc333/input/img_02_convertico-coffee-bean-24-bit-bmp.bmp,/home/parallels/Documents/act/image_analyzer/output/6_threads/img_02_convertico-coffee-bean-24-bit-bmp__blur_color.bmp,ok,0.013085
6,img_03_sample_1280×853,inversion_vertical_grises,/tmp/img_analyzer_qt5_oyuwc333/input/img_03_sample_1280×853.bmp,/home/parallels/Documents/act/image_analyzer/output/6_threads/img_03_sample_1280×853__flip_v_gray.bmp,ok,0.005654
6,img_03_sample_1280×853,inversion_vertical_color,/tmp/img_analyzer_qt5_oyuwc333/input/img_03_sample_1280×853.bmp,/home/parallels/Documents/act/image_analyzer/output/6_threads/img_03_sample_1280×853__flip_v_color.bmp,ok,0.002788
6,img_03_sample_1280×853,inversion_horizontal_grises,/tmp/img_analyzer_qt5_oyuwc333/input/img_03_sample_1280×853.bmp,/home/parallels/Documents/act/image_analyzer/output/6_threads/img_03_sample_1280×853__flip_h_gray.bmp,ok,0.004198
6,img_03_sample_1280×853,inversion_horizontal_color,/tmp/img_analyzer_qt5_oyuwc333/input/img_03_sample_1280×853.bmp,/home/parallels/Documents/act/image_analyzer/output/6_threads/img_03_sample_1280×853__flip_h_color.bmp,ok,0.004788
6,img_03_sample_1280×853,desenfoque_grises,/tmp/img_analyzer_qt5_oyuwc333/input/img_03_sample_1280×853.bmp,/home/parallels/Documents/act/image_analyzer/output/6_threads/img_03_sample_1280×853__blur_gray.bmp,ok,0.007837
6,img_03_sample_1280×853,desenfoque_color,/tmp/img_analyzer_qt5_oyuwc333/input/img_03_sample_1280×853.bmp,/home/parallels/Documents/act/image_analyzer/output/6_threads/img_03_sample_1280×853__blur_color.bmp,ok,0.006544
6,img_01_1-bmp-sample-2_(1),inversion_vertical_grises,/tmp/img_analyzer_qt5_2v2y2c77/input/img_01_1-bmp-sample-2_(1).bmp,/home/parallels/Documents/act/image_analyzer/output/6_threads/img_01_1-bmp-sample-2_(1)__flip_v_gray.bmp,ok,0.012188
6,img_01_1-bmp-sample-2_(1),inversion_vertical_color,/tmp/img_analyzer_qt5_2v2y2c77/input/img_01_1-bmp-sample-2_(1).bmp,/home/parallels/Documents/act/image_analyzer/output/6_threads/img_01_1-bmp-sample-2_(1)__flip_v_color.bmp,ok,0.010240
6,img_01_1-bmp-sample-2_(1),inversion_horizontal_grises,/tmp/img_analyzer_qt5_2v2y2c77/input/img_01_1-bmp-sample-2_(1).bmp,/home/parallels/Documents/act/image_analyzer/output/6_threads/img_01_1-bmp-sample-2_(1)__flip_h_gray.bmp,ok,0.009872
6,img_01_1-bmp-sample-2_(1),inversion_horizontal_color,/tmp/img_analyzer_qt5_2v2y2c77/input/img_01_1-bmp-sample-2_(1).bmp,/home/parallels/Documents/act/image_analyzer/output/6_threads/img_01_1-bmp-sample-2_(1)__flip_h_color.bmp,ok,0.008358
6,img_01_1-bmp-sample-2_(1),desenfoque_grises,/tmp/img_analyzer_qt5_2v2y2c77/input/img_01_1-bmp-sample-2_(1).bmp,/home/parallels/Documents/act/image_analyzer/output/6_threads/img_01_1-bmp-sample-2_(1)__blur_gray.bmp,ok,0.101173
6,img_01_1-bmp-sample-2_(1),desenfoque_color,/tmp/img_analyzer_qt5_2v2y2c77/input/img_01_1-bmp-sample-2_(1).bmp,/home/parallels/Documents/act/image_analyzer/output/6_threads/img_01_1-bmp-sample-2_(1)__blur_color.bmp,ok,0.102720
6,img_02_convertico-coffee-bean-24-bit-bmp,inversion_vertical_grises,/tmp/img_analyzer_qt5_2v2y2c77/input/img_02_convertico-coffee-bean-24-bit-bmp.bmp,/home/parallels/Documents/act/image_analyzer/output/6_threads/img_02_convertico-coffee-bean-24-bit-bmp__flip_v_gray.bmp,ok,0.010206
6,img_02_convertico-coffee-bean-24-bit-bmp,inversion_vertical_color,/tmp/img_analyzer_qt5_2v2y2c77/input/img_02_convertico-coffee-bean-24-bit-bmp.bmp,/home/parallels/Documents/act/image_analyzer/output/6_threads/img_02_convertico-coffee-bean-24-bit-bmp__flip_v_color.bmp,ok,0.004081
6,img_02_convertico-coffee-bean-24-bit-bmp,inversion_horizontal_grises,/tmp/img_analyzer_qt5_2v2y2c77/input/img_02_convertico-coffee-bean-24-bit-bmp.bmp,/home/parallels/Documents/act/image_analyzer/output/6_threads/img_02_convertico-coffee-bean-24-bit-bmp__flip_h_gray.bmp,ok,0.004227
6,img_02_convertico-coffee-bean-24-bit-bmp,inversion_horizontal_color,/tmp/img_analyzer_qt5_2v2y2c77/input/img_02_convertico-coffee-bean-24-bit-bmp.bmp,/home/parallels/Documents/act/image_analyzer/output/6_threads/img_02_convertico-coffee-bean-24-bit-bmp__flip_h_color.bmp,ok,0.003508
6,img_02_convertico-coffee-bean-24-bit-bmp,desenfoque_grises,/tmp/img_analyzer_qt5_2v2y2c77/input/img_02_convertico-coffee-bean-24-bit-bmp.bmp,/home/parallels/Documents/act/image_analyzer/output/6_threads/img_02_convertico-coffee-bean-24-bit-bmp__blur_gray.bmp,ok,0.047920
6,img_02_convertico-coffee-bean-24-bit-bmp,desenfoque_color,/tmp/img_analyzer_qt5_2v2y2c77/input/img_02_convertico-coffee-bean-24-bit-bmp.bmp,/home/parallels/Documents/act/image_analyzer/output/6_threads/img_02_convertico-coffee-bean-24-bit-bmp__blur_color.bmp,ok,0.040303
6,img_03_sample_1280×853,inversion_vertical_grises,/tmp/img_analyzer_qt5_2v2y2c77/input/img_03_sample_1280×853.bmp,/home/parallels/Documents/act/image_analyzer/output/6_threads/img_03_sample_1280×853__flip_v_gray.bmp,ok,0.001948
6,img_03_sample_1280×853,inversion_vertical_color,/tmp/img_analyzer_qt5_2v2y2c77/input/img_03_sample_1280×853.bmp,/home/parallels/Documents/act/image_analyzer/output/6_threads/img_03_sample_1280×853__flip_v_color.bmp,ok,0.001981
6,img_03_sample_1280×853,inversion_horizontal_grises,/tmp/img_analyzer_qt5_2v2y2c77/input/img_03_sample_1280×853.bmp,/home/parallels/Documents/act/image_analyzer/output/6_threads/img_03_sample_1280×853__flip_h_gray.bmp,ok,0.003494
6,img_03_sample_1280×853,inversion_horizontal_color,/tmp/img_analyzer_qt5_2v2y2c77/input/img_03_sample_1280×853.bmp,/home/parallels/Documents/act/image_analyzer/output/6_threads/img_03_sample_1280×853__flip_h_color.bmp,ok,0.003409
6,img_03_sample_1280×853,desenfoque_grises,/tmp/img_analyzer_qt5_2v2y2c77/input/img_03_sample_1280×853.bmp,/home/parallels/Documents/act/image_analyzer/output/6_threads/img_03_sample_1280×853__blur_gray.bmp,ok,0.028388
6,img_03_sample_1280×853,desenfoque_color,/tmp/img_analyzer_qt5_2v2y2c77/input/img_03_sample_1280×853.bmp,/home/parallels/Documents/act/image_analyzer/output/6_threads/img_03_sample_1280×853__blur_color.bmp,ok,0.028470
6,img_01_convertico-coffee-bean-24-bit-bmp,inversion_vertical_grises,/tmp/img_analyzer_qt5_bzyficuw/input/img_01_convertico-coffee-bean-24-bit-bmp.bmp,/home/parallels/Documents/act/image_analyzer/output/6_threads/img_01_convertico-coffee-bean-24-bit-bmp_vg.bmp,ok,0.004537
6,img_01_convertico-coffee-bean-24-bit-bmp,inversion_vertical_color,/tmp/img_analyzer_qt5_bzyficuw/input/img_01_convertico-coffee-bean-24-bit-bmp.bmp,/home/parallels/Documents/act/image_analyzer/output/6_threads/img_01_convertico-coffee-bean-24-bit-bmp_vc.bmp,ok,0.009724
6,img_01_convertico-coffee-bean-24-bit-bmp,inversion_horizontal_grises,/tmp/img_analyzer_qt5_bzyficuw/input/img_01_convertico-coffee-bean-24-bit-bmp.bmp,/home/parallels/Documents/act/image_analyzer/output/6_threads/img_01_convertico-coffee-bean-24-bit-bmp_hg.bmp,ok,0.003980
6,img_01_convertico-coffee-bean-24-bit-bmp,inversion_horizontal_color,/tmp/img_analyzer_qt5_bzyficuw/input/img_01_convertico-coffee-bean-24-bit-bmp.bmp,/home/parallels/Documents/act/image_analyzer/output/6_threads/img_01_convertico-coffee-bean-24-bit-bmp_hc.bmp,ok,0.003347
6,img_01_convertico-coffee-bean-24-bit-bmp,desenfoque_grises,/tmp/img_analyzer_qt5_bzyficuw/input/img_01_convertico-coffee-bean-24-bit-bmp.bmp,/home/parallels/Documents/act/image_analyzer/output/6_threads/img_01_convertico-coffee-bean-24-bit-bmp_dg.bmp,ok,0.019141
6,img_01_convertico-coffee-bean-24-bit-bmp,desenfoque_color,/tmp/img_analyzer_qt5_bzyficuw/input/img_01_convertico-coffee-bean-24-bit-bmp.bmp,/home/parallels/Documents/act/image_analyzer/output/6_threads/img_01_convertico-coffee-bean-24-bit-bmp_dc.bmp,ok,0.025176
6,img_02_1-bmp-sample-2_(1),inversion_vertical_grises,/tmp/img_analyzer_qt5_bzyficuw/input/img_02_1-bmp-sample-2_(1).bmp,/home/parallels/Documents/act/image_analyzer/output/6_threads/img_02_1-bmp-sample-2_(1)_vg.bmp,ok,0.027427
6,img_02_1-bmp-sample-2_(1),inversion_vertical_color,/tmp/img_analyzer_qt5_bzyficuw/input/img_02_1-bmp-sample-2_(1).bmp,/home/parallels/Documents/act/image_analyzer/output/6_threads/img_02_1-bmp-sample-2_(1)_vc.bmp,ok,0.015380
6,img_02_1-bmp-sample-2_(1),inversion_horizontal_grises,/tmp/img_analyzer_qt5_bzyficuw/input/img_02_1-bmp-sample-2_(1).bmp,/home/parallels/Documents/act/image_analyzer/output/6_threads/img_02_1-bmp-sample-2_(1)_hg.bmp,ok,0.043311
6,img_02_1-bmp-sample-2_(1),inversion_horizontal_color,/tmp/img_analyzer_qt5_bzyficuw/input/img_02_1-bmp-sample-2_(1).bmp,/home/parallels/Documents/act/image_analyzer/output/6_threads/img_02_1-bmp-sample-2_(1)_hc.bmp,ok,0.037772
6,img_02_1-bmp-sample-2_(1),desenfoque_grises,/tmp/img_analyzer_qt5_bzyficuw/input/img_02_1-bmp-sample-2_(1).bmp,/home/parallels/Documents/act/image_analyzer/output/6_threads/img_02_1-bmp-sample-2_(1)_dg.bmp,ok,0.069284
6,img_02_1-bmp-sample-2_(1),desenfoque_color,/tmp/img_analyzer_qt5_bzyficuw/input/img_02_1-bmp-sample-2_(1).bmp,/home/parallels/Documents/act/image_analyzer/output/6_threads/img_02_1-bmp-sample-2_(1)_dc.bmp,ok,0.043779
6,img_03_sample_1280×853,inversion_vertical_grises,/tmp/img_analyzer_qt5_bzyficuw/input/img_03_sample_1280×853.bmp,/home/parallels/Documents/act/image_analyzer/output/6_threads/img_03_sample_1280×853_vg.bmp,ok,0.009488
6,img_03_sample_1280×853,inversion_vertical_color,/tmp/img_analyzer_qt5_bzyficuw/input/img_03_sample_1280×853.bmp,/home/parallels/Documents/act/image_analyzer/output/6_threads/img_03_sample_1280×853_vc.bmp,ok,0.055890
6,img_03_sample_1280×853,inversion_horizontal_grises,/tmp/img_analyzer_qt5_bzyficuw/input/img_03_sample_1280×853.bmp,/home/parallels/Documents/act/image_analyzer/output/6_threads/img_03_sample_1280×853_hg.bmp,ok,0.045029
6,img_03_sample_1280×853,inversion_horizontal_color,/tmp/img_analyzer_qt5_bzyficuw/input/img_03_sample_1280×853.bmp,/home/parallels/Documents/act/image_analyzer/output/6_threads/img_03_sample_1280×853_hc.bmp,ok,0.007197
6,img_03_sample_1280×853,desenfoque_grises,/tmp/img_analyzer_qt5_bzyficuw/input/img_03_sample_1280×853.bmp,/home/parallels/Documents/act/image_analyzer/output/6_threads/img_03_sample_1280×853_dg.bmp,ok,0.010565
6,img_03_sample_1280×853,desenfoque_color,/tmp/img_analyzer_qt5_bzyficuw/input/img_03_sample_1280×853.bmp,/home/parallels/Documents/act/image_analyzer/output/6_threads/img_03_sample_1280×853_dc.bmp,ok,0.010181
